task_id,action_summary,why_needed,destination,required_docs,steps_short,steps_detail,office_hours,address,phone,done_condition,faq
RN-H24-02,死亡診断書の原本をコピーし、5部以上を手元に残す。役場に届け出ると原本は回収されるため、必ず届出前にコピーすること。,保険金請求・銀行届出・年金手続きなど、あらゆる場面でコピーが必要です。原本は役場に回収されるため、出す前に必ずコピーしてください。,コンビニ・自宅プリンター等,死亡診断書（原本）,1. A3サイズのまま5部以上コピーする（10部あると安心）\n2. 文字・押印が鮮明か確認する\n3. スマホでも表裏を撮影しておく\n4. 原本とコピーを別々の場所に保管する,1. コンビニのマルチコピー機、自宅プリンター、葬儀社のコピー機が使えます。\n2. 医師の署名・押印が読み取れることを必ず確認してください。\n3. 正式にはコピーが必要ですが、内容確認のとき写真があると便利です。\n4.【重要】役場に死亡届を出すと原本は回収されます。必ず届出前にコピーと撮影を済ませてください。,コンビニなら24時間,,,コピーが5部以上あり、原本と分けて保管されている。,Q.何部あれば安心？→最低5部、10部あると余裕があります\nQ.スマホで撮影でもいい？→撮影もしておくと便利ですが、正式にはコピーが必要です\nQ.コンビニが近くにない→役場や葬儀社でコピーできる場合もあります
RN-D7-01,葬儀を依頼する葬儀社を選んで連絡する。搬送を依頼した葬儀社にそのまま頼む義務はない。互助会に加入している場合は加入先に連絡してください。,葬儀の段取りはすべて葬儀社との打ち合わせで決まります。\n【費用の目安】一般葬 80〜150万円／家族葬 40〜80万円／直葬(火葬式) 15〜30万円。複数社から見積もりを取れば50万円以上の差が出ることもあります。,葬儀社,なし,1. 互助会加入がある場合は加入先に連絡する\n2. 未加入の場合は2〜3社に概算見積もりを依頼する\n3. 見積もり内容を比較する\n4. 1社に決めて正式に依頼する,1. 会員証の有無、通帳の毎月2000〜5000円の引落しで確認できます。\n2. 電話で「家族が亡くなったので葬儀の相談をしたいのですが」と伝えてください。\n3. 基本プランに含まれるもの・追加費用が発生しやすい項目を比較してください。\n4. 搬送を依頼した葬儀社にそのまま頼む義務はありません。別の社に頼んでも失礼にはあたりません。,24時間対応（多くの葬儀社）,,,葬儀社が決まり、正式に依頼済み。,Q.互助会に入っていたかわからない→通帳で毎月の引落しを確認してみてください\nQ.搬送を頼んだ葬儀社に決めなきゃいけない？→別の社に依頼しても問題ありません\nQ.費用の目安は？→一般葬100〜200万、家族葬30〜80万が目安です
RN-D7-06,市区町村役場の住民課に「死亡届」を提出し、「火葬許可証」を受け取る。届出は葬儀社が代行してくれる場合も多い。,火葬を行うには「火葬許可証」が必要です。死亡届を出さないと火葬許可証がもらえません。,市区町村役場,死亡診断書（原本）、届出人の印鑑,1. 死亡診断書の原本と届出人の印鑑を用意する\n2. 市区町村役場の住民課で「死亡届の提出をしたい」と伝える\n3. 窓口で必要事項を記入して提出する\n4. 「火葬許可証」を受け取りクリアファイルで保管する,1. 印鑑は認印で大丈夫です（シャチハタ不可）。コピーがまだの場合は先にRN-H24-02を完了してください。\n2. 平日8:30-17:15。時間外・休日は当直窓口で届出のみ受付可能です。\n3. 死亡届は死亡診断書と一体の用紙（左半分）です。記入箇所は職員が教えてくれます。\n4. この許可証がないと火葬ができません。葬儀社が代行してくれることも多いです。「代行は可能ですか」と聞いてみてください。,平日 8:30-17:15（時間外・休日は当直窓口で届出のみ可）,,,死亡届が受理され、火葬許可証が手元にある。,Q.窓口で何と言えばいい？→「死亡届の提出をしたいのですが」と伝えてください\nQ.届出は誰が出せる？→同居親族、その他の親族、同居者など。葬儀社が代行することも多いです\nQ.期限を過ぎてしまったら？→届出は受理されますが、過料の対象になることがあります
RN-D7-10,故人の銀行口座から自動で引き落とされている支払い（公共料金・ローン・保険料等）を確認し、リストにする。,銀行に届け出ると口座が凍結され、自動引落しが止まります。凍結前にどこへいくら払っているか把握しないと、料金滞納やサービス停止につながります。\n【主な引落し先】電気・ガス・水道・携帯・ネット・NHK・新聞・サブスク・保険料・住宅ローン・家賃・固定資産税・住民税・国民健康保険料・介護保険料・年会費・寄付。通帳の過去6か月の引落しを必ずチェックしてください。,,故人の通帳・カード、銀行からの郵便物,1. 故人の通帳の直近6か月分を確認する\n2. 定期引落しをリスト化する（引落し先・金額・頻度・連絡先）\n3. 「名義変更で継続」「解約」「別途手続き要」に分類する\n4. 銀行届出（口座凍結）のタイミングを決める,1. 未記帳ならATMで記帳してください。銀行に死亡届を出す前に行ってください。ネット銀行はスマホ/PCからログインして取引履歴を確認してください。\n2. —\n3. 口座が凍結されると引落しが止まります。名義変更が先に必要なもの（電気・水道等）を把握しておいてください。\n4. —,,,,自動引落しリストが作成され、対応方針が整理されている。,Q.通帳が未記帳→ATMで記帳するか、銀行の窓口で明細を取得してください（凍結前に）\nQ.ネット銀行で通帳がない→スマホかPCからログインして取引履歴を確認してください\nQ.口座はいつ凍結される？→銀行に届け出た時点で凍結されます。届け出るまでは動きます
RN-D7-14,故人の勤務先に死亡を届け出て、退職手続き・死亡退職金・貸与品の返却などを進める。,最終給与の精算、退職金の支給、社会保険の喪失手続き、貸与品の返却が必要です。,故人の勤務先の総務部・人事部,死亡診断書コピー、届出者の本人確認書類,1. 勤務先に電話し「○○の遺族です」と総務を呼んでもらう\n2. 最終給与・死亡退職金について確認する\n3. 社会保険の資格喪失手続き・保険証返却をする\n4. 源泉徴収票の発行を依頼する\n5. 貸与品の返却・私物の引き取り日程を調整する,1. 「○○の遺族ですが、総務のご担当者をお願いします」で大丈夫です。\n2. 退職金の金額はメモしておいてください（相続税計算で使います）。\n3. 保険証は勤務先に返却してください。手続きは勤務先が行います。\n4. 準確定申告（RN-M4-01）で必要になります。発行時期も確認してください。\n5. —,勤務先の営業時間,,,勤務先への届出完了、退職手続き・退職金・貸与品返却の段取り確認済み。,Q.電話しづらい→「○○の遺族ですが、総務のご担当者をお願いします」と伝えれば大丈夫です\nQ.退職金はいくら？→会社の規程によります。総務に確認してください\nQ.保険証は返す？→はい。勤務先経由で返却します
RN-D7-16,故人のスマホ・PC・タブレットのパスコード（ロック）解除を試みる。解除できない場合はキャリアや専門業者に相談する。後続のサブスク解約・SNS整理に必要。,パスコードが分からないままだと、サブスクの解約、SNSの追悼アカウント設定、二段階認証が必要なサービスへのログインがすべてできなくなります。時間が経つほど解除が難しくなります。,キャリアショップ／Appleサポート／専門業者,故人の端末、届出人の本人確認書類、戸籍謄本（キャリアによる）,1. 心当たりのあるパスコードを試す（最大3回まで）\n2. iPhone→Appleサポートに相談する\n3. Android→Googleの「故人のアカウントに関するリクエスト」から申請する\n4. 解除できない場合→専門業者に相談する,1. よく使われるもの：誕生日（6桁）、電話番号の下4桁、結婚記念日、「000000」。\n【重要】10回間違えるとデータが消える機種があります。3回試してダメなら止めてください。\n2. Appleサポート（0120-277-535）に「故人のiPhoneのロック解除について相談したい」と伝えてください。Digital Legacyの案内を受けられます。\n3. Googleの「故人のアカウントに関するリクエスト」ページから申請できます。審査に数週間かかります。\n4. 費用目安：3〜10万円。「デジタル遺品 ロック解除」で検索してください。近隣にキャリアショップがない場合は電話/オンライン対応をおすすめします。,Appleサポート：9:00-21:00／キャリア：10:00-19:00が一般的,,Appleサポート：0120-277-535,パスコードが解除できた、または解除の方針（業者依頼等）が決まっている。,Q.パスコードを何回も試していい？→10回間違えるとデータが消える機種があります。3回までにしてください\nQ.指紋・顔認証は使えない？→亡くなった後は生体認証は使えません。PIN番号が必要です\nQ.費用をかけたくない→キャリアやApple/Googleの公式サポートにまず相談してください。無料で対応できる場合があります
RN-D7-17,銀行に届け出ると口座が凍結されるが、遺産分割の前でも「相続預金の払戻し制度」で各口座から一定額を引き出せる。制度を事前に把握しておく。,口座が凍結されると、当面の生活費・葬儀費用・医療費の支払いに困ることがあります。2019年の民法改正で創設された制度で、遺産分割前でも引き出せます。知らないと使えない制度です。,各銀行の窓口,届出人の本人確認書類、故人の戸籍謄本、届出人の戸籍謄本（相続人であることの証明）,1. 制度の内容を理解する（各口座残高×1/3×法定相続分、上限150万円）\n2. 引き出しが必要になりそうか家族で話し合う\n3. 必要な場合は銀行に「相続預金の仮払いを利用したい」と伝える,1. 例：口座残高600万円・相続人が配偶者と子1人の場合、配偶者は600万×1/3×1/2＝100万円まで引き出せます。\n2. 葬儀費用・医療費の精算・当面の生活費を概算してみてください。\n3.【重要】実際の引き出しは銀行届出（口座凍結）後に行います。凍結前に無理に引き出す必要はありません。\n銀行届出の前にこの制度を知っておくことが大事です。\n家庭裁判所の審判による払戻しもあります（上限なし、ただし手続きに時間がかかる）。,平日 9:00-15:00（窓口）,,,制度の内容を理解し、利用の要否について方針が決まっている。,Q.遺産分割前に引き出して大丈夫？→法律で認められた制度です。引き出した分は相続分から差し引かれます\nQ.上限150万円では足りない→家庭裁判所の審判による払戻し（上限なし）もあります。ただし手続きに時間がかかります\nQ.口座が複数ある場合→口座ごとに上限が計算されます
RN-D14-01,市区町村役場で世帯主変更届を提出する。故人が世帯主で、残りの世帯員が2人以上の場合に必要。,届出が遅れると住民票や保険証の記載に影響します。\n【届出不要のケース】残された世帯員が1人だけの場合、または15歳未満のみの場合は届出不要 (自治体運用差あり、要事前確認)。,市区町村役場 住民課,本人確認書類、印鑑（国保保険証があれば持参）,1. 届出が必要か確認する（故人が世帯主＆残り2人以上→必要）\n2. 新しい世帯主を決める\n3. 役場の窓口で「世帯主変更届を出したい」と伝える\n4. 国保加入者は保険証の世帯主変更も同時に行う\n5. 来庁時にまとめて対応できるものを事前に確認する,1. 残り1人なら届出不要（自動的に世帯主になります）。\n2. 一般的には配偶者がなることが多いです。\n3. 持ち物：本人確認書類・印鑑。\n4. 保険証も持参してください。\n5. 来庁時にまとめて対応できるもの：\n・保険証返却\n・葬祭費申請\n・介護保険届出\n・住民票の除票取得\n・マイナンバーカード返却（12桁の番号をメモしてから持参）\n事前に役場に電話して持ち物を確認すると1回の来庁で済みます。所要時間の目安は2〜3時間です。,平日 8:30-17:15,,,世帯主変更届が受理され、住民票に反映されている。,Q.残り1人なら届出は不要？→はい。自動的に世帯主になるため届出不要です\nQ.配偶者と15歳未満の子だけ→原則不要です\nQ.期限を過ぎたら？→5万円以下の過料の可能性がありますが、届出は受理されます\nQ.おくやみ窓口はある？→専用窓口がなくても、住民課に事前連絡すれば各課を案内してもらえます\nQ.代理人でもいい？→委任状があれば多くの手続きは代理可能です\nQ.マイナンバーカードを返す必要は？→悪用防止のため返却をおすすめします。来庁時に持参してください。見つからない場合はその旨お伝えいただければ大丈夫です
RN-D14-02,故人の健康保険証を返却し、資格喪失の届出をする。国保・後期高齢者は役場へ、社保は故人の勤務先へ。,故人の保険証で医療費が請求されると、あとから返還を求められます。,国保・後期高齢者：市区町村役場／社保：故人の勤務先,故人の保険証、死亡確認書類、届出人の本人確認書類、印鑑,1. 保険の種類を確認する（国保/後期高齢者→役場、社保→勤務先）\n2. 役場 or 勤務先に保険証を返却・届出する\n3. 高額療養費の未申請分がないか確認する\n4. 扶養家族の保険切り替えが必要か確認する,1. 保険証の表面を見れば種類がわかります。\n2. 役場の場合「健康保険証の返却と資格喪失の届出をしたい」と伝えてください。持ち物：故人の保険証・届出人の本人確認書類と印鑑。紛失の場合はその旨伝えれば大丈夫です。社保の場合は勤務先が手続きします。\n3. →RN-D14-04へ。\n4. →RN-D14-23へ。,平日 8:30-17:15（役場）,,,資格喪失届が提出され、保険証が返却済み。,Q.保険証が見つからない→紛失の旨を届出書に記載すれば大丈夫です\nQ.社保は自分で手続きする？→勤務先が手続きします。保険証を返却してください\nQ.国保と後期高齢者の違いは？→75歳以上は後期高齢者医療です
RN-D14-03,故人の健康保険から「葬祭費」（国保）または「埋葬料」（社保）を申請する。国保は自治体により1〜7万円、社保は一律5万円。,葬儀を行った方に支給される給付金です。申請しないともらえません。,国保・後期高齢者：市区町村役場／社保：協会けんぽ支部等,故人の保険証、葬儀の領収書または会葬礼状、申請者の振込先口座、印鑑,1. 国保/後期高齢者→役場で「葬祭費の申請をしたい」と伝える\n2. 社保→協会けんぽに「埋葬料支給申請書」を郵送する\n3. 振込先口座を記入して提出する（1〜2か月後に振込）,1. 持ち物：故人の保険証・葬儀の領収書（または会葬礼状）・申請者の振込先口座・印鑑。支給額は自治体により3〜7万円程度。\n2. 社保は一律5万円。協会けんぽのWebサイトから申請書をダウンロードできます。\n3. 領収書がまだでも会葬礼状で申請可。時効2年。,平日 8:30-17:15（役場）,,,葬祭費（埋葬料）の申請書を提出済み。,Q.いくらもらえる？→国保は自治体により異なります（3〜7万円）。社保は一律5万円です\nQ.領収書がまだない→会葬礼状でも申請できます。後日の申請も可能です（時効2年）\nQ.直葬でももらえる？→はい。火葬費用を負担した方が申請できます
RN-D14-04,故人の入院・通院で支払った医療費が高額療養費の限度額を超えていないか確認し、超えていれば還付を申請する。,自己負担限度額を超えた分が戻ってきます。知らないと損をする制度です。\n【対象期間】過去2年分まで遡って請求可能 (時効2年)。\n【自己負担限度額の目安】70歳未満で年収約370万円以下なら57600円/月、住民税非課税世帯なら35400円/月。長期入院や手術歴がある故人なら必ず確認してください。,国保・後期高齢者：市区町村役場／社保：協会けんぽ支部等,故人の保険証、医療費の領収書、振込先口座、印鑑,1. 故人の医療費領収書を集める\n2. 月ごとの自己負担額を確認する（約8万円/月以上なら対象の可能性）\n3. 役場に電話して該当するか確認する\n4. 該当する場合は申請書を提出する,1. —\n2. 限度額は年齢・所得により異なります。\n3. 市区町村役場に電話して「高額療養費の還付があるか確認したい」と伝えてください。自分で判断できなくても教えてもらえます。\n4. 持ち物：医療費領収書・振込先口座・印鑑。,平日 8:30-17:15（役場）,,,高額療養費の該当有無を確認済み。該当する場合は申請提出済み。,Q.限度額はいくら？→年齢・所得により異なります。70歳未満の一般的なケースで月約8万円です\nQ.入院していなくても対象？→通院でも限度額を超えていれば対象です\nQ.該当するかわからない→役場に電話して確認を依頼してください
RN-D14-05,故人の介護保険被保険者証を返却し、保険料の精算と高額介護サービス費の還付があるか確認する。,保険料の過払い分が戻る場合があります。被保険者証の返却も必要です。\n【対象者】65歳以上は全員 (第1号被保険者)、40-64歳で要介護認定を受けていた方 (第2号被保険者)。サービス利用の有無にかかわらず被保険者証の返却が義務です (介護保険法)。,市区町村役場,介護保険被保険者証、負担割合証、届出人の本人確認書類、印鑑,1. 役場で「介護保険の届出をしたい」と伝える\n2. 被保険者証を返却する\n3. 保険料の還付・高額介護サービス費の該当を確認する\n4. 施設入居だった場合は施設にも連絡して精算する,1. 65歳以上（または40〜64歳で要介護認定あり）が対象です。持ち物：被保険者証・負担割合証・届出人の本人確認書類と印鑑。\n2. —\n3. 「保険料の還付はありますか」「高額介護サービス費の該当はありますか」と聞いてください。\n4. 「利用料の精算と退所手続きについてお聞きしたい」と伝えてください。,平日 8:30-17:15,,,被保険者証を返却し、保険料精算・還付の確認完了。,Q.65歳未満でも対象？→40〜64歳で要介護認定を受けていた方は対象です\nQ.施設の費用が未精算→施設に直接連絡してください\nQ.保険料の還付はある？→月途中で亡くなった場合、過払い分が還付されることがあります
RN-D14-06,年金事務所に届け出て、故人の年金の受給を止める。届出が遅れると、あとから返還を求められる。厚生年金は10日以内が期限。,届出が遅れると死亡後も年金が振り込まれ、返還手続きが非常に面倒になります。,年金事務所／国民年金のみは市区町村役場でも可,故人の年金証書、死亡確認書類、届出人の本人確認書類,1. 届出期限を確認する（厚生年金10日、国民年金14日）\n2. 年金事務所に電話して予約する\n3. 「死亡届と未支給年金の請求を同時にしたい」と伝える\n4. 受給権者死亡届を提出する,1. 届出先：厚生年金→管轄の年金事務所（ねんきんダイヤル 0570-05-1165）、国民年金のみ→市区町村役場でも可。\n2. —\n3. 同時に手続きすると1回の来所で済みます。持ち物：故人の年金証書・死亡確認書類・届出人の本人確認書類。\n4. 郵送でも提出できます。マイナンバー登録済みなら届出不要の場合があります（事務所に確認）。\n届出が遅れると年金が振り込まれ、返還手続きが面倒になります。,平日 8:30-17:15,,0570-05-1165（ねんきんダイヤル）,受給権者死亡届が提出され、年金受給が停止処理されている。,Q.年金証書が見つからない→基礎年金番号がわかれば手続きできます\nQ.マイナンバー登録済みなら届出不要？→省略できる場合があります。年金事務所に確認してください\nQ.死亡後に振り込まれた年金は？→返還が必要です。未支給年金と相殺できる場合があります
RN-D14-07,故人が受け取れなかった年金（未支給年金）を請求する。年金は後払いのため、死亡月までの未受給分が発生する。,故人が受け取るはずだった年金を、生計を同じくしていた遺族が受け取れます。\n【受給未開始でも対象】受給年齢に達していたが請求未了で死亡した場合は、本人の年金請求と未支給年金請求を同時に行えます。請求しないともらえません。,年金事務所／国民年金は市区町村役場,故人の年金証書、戸籍謄本、生計同一証明書類、振込先口座、印鑑,1. 故人と生計同一だった遺族が請求できることを確認する（配偶者→子→父母の順）\n2. 年金停止届（RN-D14-06）と同時に手続きする\n3. 「未支給年金・保険給付請求書」を記入・提出する,1. 年金は後払いのため、死亡月までの未受給分（最大2か月分）が発生します。\n2. 持ち物：年金証書・戸籍謄本・生計同一証明（同居なら住民票、別居なら仕送り記録等）・振込先口座・印鑑。\n3. 審査後2〜3か月で振込されます。,平日 8:30-17:15,,0570-05-1165（ねんきんダイヤル）,未支給年金の請求書が提出済み。,Q.誰が請求できる？→生計を同じくしていた遺族です（配偶者→子→父母の順）\nQ.別居でも請求できる？→経済的援助があれば認められることがあります。第三者の証明が必要です\nQ.いくらもらえる？→最大2か月分です
RN-D14-08,遺族基礎年金・遺族厚生年金の受給資格があるか確認し、該当する場合は請求手続きを進める。年額80〜200万円以上になることも。,遺族年金は生活を支える非常に大きな制度です。該当するなら必ず請求してください。\n【中高齢寡婦加算】夫が亡くなったとき妻が40歳以上65歳未満で、子のない場合は中高齢寡婦加算が加算されます。\n【受給対象者】配偶者・子・父母・孫・祖父母 (兄弟姉妹は対象外)。,年金事務所,故人の年金証書、戸籍謄本、住民票、収入証明、振込先口座、死亡診断書コピー,1. 遺族基礎年金の対象か確認する（18歳以下の子がいる配偶者/子）\n2. 遺族厚生年金の対象か確認する（故人に会社員歴があれば子なし配偶者でも対象）\n3. 年金事務所に電話して受給資格を確認する\n4. 該当する場合は書類を揃えて請求する,1. 年額約80万円＋子の加算です。\n2. 金額は加入期間と報酬によります。年金事務所で試算してもらえます。\n3. 管轄の年金事務所（ねんきんダイヤル 0570-05-1165）に「遺族年金を受け取れるか確認したい」と伝える。年金証書を手元に準備してください。\n4. 請求から支給開始まで3〜4か月。5年以内なら遡及受給が可能です。\n年額80〜200万円以上になることもあるので、必ず確認してください。,平日 8:30-17:15,,0570-05-1165（ねんきんダイヤル）,受給資格の有無が確認済み。該当する場合は請求に着手済み。,Q.共働きでも受け取れる？→年収850万円未満なら受給できます\nQ.子どもがいなくてももらえる？→遺族厚生年金は子なしでも配偶者が受給できる場合があります\nQ.いくらもらえる？→加入期間と報酬によります。年金事務所で試算してもらえます
RN-D14-09,故人名義の銀行口座について、各銀行に死亡を届け出る。届け出ると口座が凍結される。凍結前に引落し整理（RN-D7-10）を済ませておくこと。,口座凍結で不正引き出しを防止します。相続手続きの起点にもなります。\n【口座が把握できない場合】通帳・キャッシュカード・郵便物・スマホアプリを確認。さらに「全国銀行協会の預金口座照会制度」で複数行を一括照会できます (実費)。ゆうちょ銀行・JAバンク・信用金庫もそれぞれ別途確認してください。,各銀行の窓口,届出者の本人確認書類、故人の通帳・カード、死亡確認書類,1. 自動引落しの整理（RN-D7-10）を先に完了する\n2. 口座がある銀行すべてに電話して届出方法を確認する\n3. 各銀行の窓口で届出する\n4. 「相続手続きの必要書類リスト」をもらう,1.【重要】届出をすると口座が凍結されます。名義変更が必要な引落しを先に済ませてください。\n2. 「口座名義人が亡くなりました。届出をしたい」と伝えてください。\n3. 持ち物：届出人の本人確認書類・故人の通帳/カード・死亡確認書類。\n4. 当面の生活費が必要なら「相続預金の払戻し制度」で各口座150万円まで引出し可能です。\n口座の解約・払戻しは遺産分割確定後（RN-M10-05）に行います。,平日 9:00-15:00（窓口）,,,全銀行口座について死亡届出が完了している。,Q.凍結されると生活費が引き出せない？→「相続預金の払戻し制度」で1口座150万円まで引き出せます\nQ.全部同時に届け出る？→同時でなくても大丈夫ですが、不正引き出し防止のため早めに届け出てください\nQ.ネット銀行は？→カスタマーセンターに電話して届け出てください
RN-D14-10,故人名義の証券口座について、証券会社に死亡を届け出る。届出後は相続手続き完了まで売買できません。,口座凍結で不正売却を防止します。相続手続き完了まで売買はできなくなります。\n【対象口座】通常口座・特定口座・NISA口座・iDeCo (RN-D14-27 別タスク)・財形貯蓄が含まれます。,各証券会社の窓口/カスタマーセンター,届出者の本人確認書類、故人の口座番号がわかる書類、死亡確認書類,1. 証券口座の有無を確認する（郵便物・通帳の配当金入金等）\n2. 各社のカスタマーセンターに電話して届出する\n3. 相続人名義の口座開設についても確認する,1. 確定申告書控えやPCのブックマークも手がかりになります。\n2. 「口座名義人が亡くなりました。届出をしたい」と伝えてください。届出後は相続手続き完了まで売買できません。\n3. どの証券会社かわからない場合は、証券保管振替機構（ほふり）に開示請求できます。,各社による,,,全証券口座について死亡届出が完了。,Q.どの証券会社かわからない→通帳の入金記録、郵便物、確定申告書から手がかりを探してください\nQ.株価が下がっているので早く売りたい→相続手続き完了まで売買不可です。速やかに手続きを進めてください\nQ.証券保管振替機構に照会できる？→はい。相続人から照会請求できます
RN-D14-11,故人が加入していた生命保険の死亡保険金を請求する。医療保険・共済はそれぞれ別タスク(RN-D14-11b/11c)。,保険金は請求しないと支払われません。葬儀費用や当面の生活費に充てられるため、早めの請求をおすすめします。請求期限は3年(かんぽ生命は5年)。\n【加入先不明な場合】生命保険協会の「契約照会制度」(1件3000円)で、故人の生命保険契約の有無を一括照会できます。,加入していた各生命保険会社のカスタマーセンター,保険証券、死亡診断書コピー、受取人の本人確認書類・戸籍謄本・振込先口座・印鑑,1. 加入先を確認する(保険証券・通帳の引落し記録)\n2. 各社に電話して「死亡保険金の請求をしたい」と伝える\n3. 請求書類一式を取り寄せる\n4. 書類を揃えて記入・返送する,1. わからない場合は生命保険協会の「契約照会制度」で調べられます。\n2. —\n3. —\n4. 同封するもの:死亡診断書コピー・受取人の本人確認書類/戸籍謄本/振込先口座。5営業日〜1か月で振込されます。,各社による(多くは平日9:00-17:00),,,生命保険の死亡保険金請求書を全社に提出済み。,Q.保険証券が見つからない→生命保険協会の「契約照会制度」で調べられます\nQ.受取人が故人本人になっている→法定相続人が受取人になります\nQ.相続財産になる？→受取人が指定されていれば固有財産です。ただし相続税の対象にはなります
RN-D14-15,故人名義の電気・ガス・水道の契約について、名義変更または解約をする。,故人名義のままだと請求書が届かなくなったり、供給が停止されるリスクがあります。,契約している電力会社,故人名義の請求書/契約書、新名義人の本人確認書類,1. 電力会社を確認する(検針票・通帳の引落し記録)\n2. 住み続ける場合は電話で名義変更する\n3. 空き家にする場合は解約する\n4. オール電化住宅の場合はとくに早急に手続きする,1. 検針票か直近の引落し履歴で会社名がわかります。\n2. 「契約者が亡くなりました。名義変更をお願いしたい」と伝えれば電話1本で完了することが多いです。\n3. ブレーカーを落としてから解約手続き。最終料金の精算は1か月程度。\n4. オール電化なら止めると暖房・給湯すべて止まるため要注意。,各電力会社による(平日 9-17時),,,電気契約の名義変更または解約が完了。,Q.電話1本でできる？→名義変更は電話のみで完了することが多いです\nQ.電力会社がわからない→検針票か通帳の引落し履歴で確認\nQ.オール電化の解約は？→暖房・給湯が止まるため十分に検討
RN-D14-16,故人名義の通信契約（携帯電話・インターネット回線・サブスクリプション）を解約またはMNP／移管する。,放置すると毎月料金が発生し続けます。携帯番号はSMSの二段階認証に使われていることが多いため、解約前に他サービスの引き継ぎを確認してください。,各キャリアショップまたはカスタマーセンター,故人の携帯・SIMカード、届出人の本人確認書類、死亡証明書、故人との関係がわかる戸籍,1. SMS二段階認証に使われているサービスを先に他に移管する\n2. 主要 SNS・LINE のバックアップを取る\n3. キャリアに連絡して死亡解約またはMNPする\n4. SIMカードを返却する,1.【重要】携帯を先に解約すると 他のサービス(銀行・SNS等)にログインできなくなることがあります。\n2. LINEのバックアップは特に重要(トーク履歴が消える)。\n3. キャリアに電話またはショップで手続き。死亡解約は違約金が免除されることが多いです。\n4. SIMカード返却で完了。固定電話は別タスク(現在は本タスクに統合)。,キャリアショップ:10:00〜19:00が一般的,,,故人の携帯電話の解約またはMNPが完了。,Q.暗証番号がわからない→戸籍謄本と死亡証明があれば解約できるキャリアがほとんどです\nQ.LINEのデータを残したい→解約前にバックアップを取ってください\nQ.違約金はかかる？→死亡による解約は免除されることが多いです
RN-D14-17,故人名義のクレジットカードについて、カード会社に届け出て解約する。カード決済のサブスクや定期支払いがないかも確認。,放置すると年会費が発生し、不正利用のリスクもあります。\n【家族カード注意】故人本人カードに加え、家族向けに発行された家族カードも一緒に解約手続きが必要です。,各カード会社のカスタマーセンター,クレジットカード/会員番号、届出人の本人確認書類、死亡確認書類,1. 故人名義のカードをリストアップする\n2. 各社に電話して「名義人死亡による解約」を依頼する\n3. カード決済のサブスク・未払い残高・リボ残高を確認する\n4. カード本体をハサミで裁断する,1. 財布・郵便物・通帳・スマホ決済アプリを確認してください。\n2. 会員番号不明でも氏名・生年月日と死亡証明で手続きできます。\n3. カード解約前にサブスクの切り替え先を確認しておいてください。\n4. ICチップ部分と磁気ストライプ部分を切断してください。,各社による（24時間対応あり）,,,全カードの解約完了、未払い残高の精算方法確認済み。,Q.暗証番号がわからなくても解約できる？→はい。会員番号と死亡証明があれば手続きできます\nQ.リボ払いの残高がある→相続人に支払い義務があります。一括か分割か相談してください\nQ.ポイントは使える？→ほとんどの場合失効します。カード会社に確認してください
RN-D14-18,故人名義の賃貸住宅（公営住宅含む）の名義変更または解約をする。住み続ける場合は名義変更、退去する場合は解約。退去が決まったら郵便局で郵便転送届も出すこと。,公営住宅は独自の規定があるため早めに役場に相談してください。,民間：管理会社・大家／公営住宅：市区町村役場,賃貸借契約書、届出人の本人確認書類、死亡確認書類,1. 町営住宅→役場に連絡する（承継 or 退去を相談）\n2. 民間賃貸→管理会社/大家に連絡する（名義変更 or 解約）\n3. 退去する場合は遺品整理の日程も調整する\n4. 退去が決まったら郵便局で転居届（転送届）を提出する,1. 公営住宅は市区町村役場に連絡してください。同居家族なら承継（名義変更）できる場合があります。\n2. 解約は通常1か月前予告が必要です。敷金精算も確認してください。\n3. 業者に依頼する場合は2〜3社から見積もりを取ることをおすすめします。\n4. 郵便局窓口またはe転居（オンライン）で手続きできます。\n届出から反映まで1週間程度です。転送期間は1年間です（延長可）。\n故人宛の重要書類（税金通知・保険案内等）を見逃さないために必ず行ってください。,役場：平日 8:30-17:15／管理会社：営業時間内,,,賃貸住宅の名義変更/解約の手続きが完了（開始済み）。郵便転送届が必要な場合は提出済み。,Q.公営住宅に住み続けたい→同居家族なら承継できる場合があります。役場に相談してください\nQ.退去のタイミング→解約予告期間（通常1か月前）が必要です\nQ.遺品整理業者を探している→近隣の業者に見積もりを取ってください\nQ.郵便転送届はいつ出す？→退去が決まったらすぐに届け出てください。反映まで1週間程度かかります\nQ.転送期間は？→1年間です。延長もできます
RN-D14-20,故人が遺言書を残していないか、自宅・銀行の貸金庫・法務局・公証役場を確認する。自筆証書遺言（法務局保管以外）は絶対に開封しないこと。,遺言書がある場合はその内容に基づいて相続手続きが進みます。無視して分割するとトラブルの原因になります。,故人の自宅／法務局／公証役場,確認時：特になし／照会時：本人確認書類、戸籍謄本等,1. 故人の自宅を探す（仏壇・金庫・書斎・タンス）\n2. 法務局で保管の有無を確認する（800円）\n3. 公証役場の遺言検索システムで公正証書遺言を確認する\n4. 自筆遺言が見つかったら絶対に開封せず家庭裁判所で検認する,1. 銀行の貸金庫も確認してください。\n2. 最寄りの法務局で「遺言書保管事実証明書」を請求してください（郵送請求も可能です）。\n3. 戸籍謄本と本人確認書類を持参して照会してください。\n4. 法務局保管・公正証書の場合は検認不要でそのまま使えます。遺言書がなければ遺産分割協議（RN-M3-11）へ。,法務局・公証役場：平日 8:30-17:15,,,遺言書の有無が確認済み。ある場合は検認手続き（必要時）に着手済み。,Q.見つけた遺言書を開けてしまった→開封しても遺言書は無効にはなりませんが、過料の対象になることがあります。速やかに家裁で検認してください\nQ.遺言書がなかったら→法定相続分に基づいて遺産分割協議を行います\nQ.遺言書の内容に納得できない→遺留分侵害額請求（期限1年）が可能です
RN-D14-23,故人が会社の健康保険（社保）に加入していて、その扶養に入っていた方は、国民健康保険への加入またはご自身の勤務先の保険への切り替えが必要。,故人の社保資格喪失に伴い、扶養家族の資格もなくなります。手続きしないと無保険状態になります。,国保：市区町村役場／ご自身の勤務先,故人の保険証（または資格喪失証明書）、被扶養者の本人確認書類、印鑑,1. 14日以内に切り替えないと無保険状態になることを確認する\n2. 自分の勤務先の社保に加入する場合は総務に連絡する\n3. 国保に加入する場合は役場に資格喪失証明書を持参する\n4. 任意継続（最長2年）を選ぶ場合は国保と保険料を比較して決める,1. 故人の社保の扶養に入っていた方全員が対象です。\n2. お子さんも一緒に扶養に入れられます。\n3. 資格喪失証明書は故人の勤務先から入手。持ち物：資格喪失証明書・本人確認書類・印鑑。\n4. 任意継続は20日以内に申し込みが必要です。保険料が全額自己負担になるため高くなることが多いです。\n切り替え前に病院にかかったら、後日新保険証を提示すれば差額返金されます。,平日 8:30-17:15（役場）,,,被扶養者全員の保険切り替えが完了し、新しい保険証を取得済み。,Q.切り替え前に病院にかかったら→後から精算できます。新しい保険証を後日病院に提出してください\nQ.国保と任意継続どちらがお得？→保険料を比較してください。故人の給与が高かった場合は国保の方が安いことが多いです\nQ.子どもの保険は？→国保に加入するか、もう一方の親の社保の扶養に入れてください
RN-D14-24,配偶者が亡くなり、高校卒業までのお子さんがいる場合、児童扶養手当（月額最大45500円）やひとり親関連の給付を確認・申請する。,申請月の翌月分から支給されるため、早めの申請が有利です。,市区町村役場,請求者と子の戸籍謄本、住民票、所得証明書、振込先口座、年金手帳、印鑑,1. 配偶者死亡＆18歳以下の子がいる場合が対象であることを確認する\n2. 役場に電話して「児童扶養手当の申請を相談したい」と伝える\n3. 必要書類を揃えて窓口で申請する\n4. ひとり親医療費助成・就学援助・住宅手当も確認する,1. 全部支給で月額45500円（子1人。最新額は役場にご確認ください）所得制限があります。\n2. 市区町村役場に電話してください。必要書類を案内してもらえます。\n3. 主な持ち物：戸籍謄本・住民票・所得証明書・振込先口座・印鑑。\n4. 児童手当の受給者変更も忘れずに行ってください。遺族年金と併給の場合は差額が支給されます。,平日 8:30-17:15,,,受給資格確認済み。該当する場合は申請提出済み。,Q.いくらもらえる？→全部支給で月45500円（2024年11月〜。最新額は役場にご確認ください）\nQ.所得制限はある？→全部支給は年収約160万円以下が目安です\nQ.遺族年金と両方もらえる？→遺族年金の額が児童扶養手当より少なければ差額が支給されます
RN-D14-27,故人がiDeCo（個人型確定拠出年金）や企業型確定拠出年金（企業型DC）に加入していた場合、遺族が「死亡一時金」を請求できる。請求しないと5年で権利が消滅し国庫に帰属する。,数十万〜数百万円の資産が請求漏れで国庫に帰属するケースが実際に発生しています。公的年金（RN-D14-06〜08）とは別の制度なので、忘れずに確認してください。,iDeCo：加入していた金融機関（運営管理機関）／企業型DC：故人の勤務先,死亡診断書コピー、届出人の本人確認書類、戸籍謄本、届出人の振込先口座,1. 故人がiDeCo・企業型DCに加入していたか確認する\n2. iDeCo→運営管理機関に電話して「加入者死亡による一時金請求をしたい」と伝える\n3. 企業型DC→故人の勤務先の総務に連絡する\n4. 請求書類を取り寄せ、記入・返送する,1. 確認方法：\n・故人の勤務先に聞く\n・通帳の引落し記録で「国民年金基金連合会」の記載を探す\n・故人宛の郵便物で運営管理機関からの通知を探す\n2. 運営管理機関がわからない場合は、国民年金基金連合会（03-5411-6129）に「加入者が亡くなりました。運営管理機関を教えてほしい」と問い合わせてください。\n3. 企業型DCは勤務先の総務/人事が手続きを案内してくれます。故人の勤務先届出（RN-D7-14）と一緒に確認するとスムーズです。\n4. 審査後1〜2か月で振込されます。受取人の順位は配偶者→子→父母→孫→祖父母→兄弟姉妹です。,国民年金基金連合会：平日 9:00-17:00,,国民年金基金連合会：03-5411-6129,加入の有無を確認済み。加入していた場合は請求書を提出済み。,Q.加入しているかわからない→勤務先に聞くか、通帳で「国民年金基金連合会」の引落しを探してください\nQ.いくらもらえる？→加入期間と運用状況によります。運営管理機関に残高を確認してください\nQ.公的年金の手続きとは別？→はい。遺族年金（RN-D14-08）や未支給年金（RN-D14-07）とはまったく別の手続きです\nQ.請求期限は？→5年です。期限を過ぎると国庫に帰属し、取り戻せません
RN-D14-28,故人が「契約者」として保険料を払い、被保険者が配偶者や子など別の家族になっている生命保険・医療保険がないか確認する。口座凍結で保険料の引落しが止まると、家族の保険が失効するおそれがある。,故人の死亡保険金の請求（RN-D14-11）とは別に、故人が保険料を払っていた家族の保険が存在する場合があります。口座凍結で引落しが止まり、気づかないうちに保険が失効すると取り返しがつきません。,各保険会社のカスタマーセンター／共済窓口,保険証券、届出人の本人確認書類、死亡確認書類,1. 故人名義の保険証券をすべて確認する\n2. 「契約者＝故人、被保険者＝家族」の保険がないか探す\n3. 該当する保険があれば保険会社に連絡して契約者変更をする\n4. 保険料の支払い方法を変更する,1. 保険証券の「契約者」「被保険者」「受取人」の欄を確認してください。通帳の引落し記録も手がかりになります。\n2. よくあるパターン：夫が契約者で妻が被保険者の医療保険、親が契約者で子が被保険者の学資保険・生命保険です。\n3. 「契約者が亡くなりました。契約者変更の手続きをしたい」と伝えてください。被保険者または保険金受取人が新しい契約者になるのが一般的です。\n4. 口座凍結で引落しが止まっても、多くの保険会社は一定期間（1〜3か月）は失効を猶予します。\nただし猶予期間を過ぎると失効するため、早めの手続きを強くおすすめします。,各社による（多くは平日9:00-17:00）,,,「契約者＝故人、被保険者＝家族」の保険の有無を確認済み。該当する場合は契約者変更・支払い方法変更が完了。,Q.どうやって見つける？→保険証券の「契約者」と「被保険者」が違う人になっている保険を探してください\nQ.失効したらどうなる？→保障がなくなります。復活できる場合もありますが、健康状態の審査が必要になることがあります\nQ.学資保険も対象？→はい。契約者が故人で被保険者がお子さんの学資保険は、契約者変更が必要です。払込免除特約がついている場合もあるので保険会社に確認してください
RN-M3-01,故人の財産（プラス）と負債（マイナス）を把握した上で、相続するか放棄するかを判断する。放棄する場合は3か月以内に家庭裁判所に申し立てが必要。,期限を過ぎると自動的に「単純承認」（負債も全て相続）になります。,管轄の家庭裁判所,相続放棄申述書、故人の戸籍謄本、住民票の除票、申述人の戸籍謄本、収入印紙800円、郵便切手,1. プラスの財産とマイナスの財産を把握する\n2. プラスが多い場合は何もしなくて大丈夫です（単純承認）\n3. マイナスが多い/不明な場合は相続放棄を検討する\n4. 放棄する場合は家庭裁判所に申述書を提出する\n5. 判断がつかない場合は期間伸長の申し立てをする,1. 財産目録（RN-M3-07）と負債調査（RN-M3-02）を並行して進めてください。\n2. —\n3.【重要】期限は相続開始を知った日から3か月以内です。超えると自動的にすべて相続することになります。\n4. 管轄の家庭裁判所に相談してください。必要物：申述書・故人の戸籍謄本・住民票の除票・申述人の戸籍謄本・収入印紙800円・切手。\n5. 期限前に家裁に申し立てれば3か月延長が認められることがあります。,平日 8:30-17:00,,,相続の方針が決定。放棄する場合は家裁に申述済み。,Q.3か月で判断できない→家庭裁判所に期間伸長の申し立てができます\nQ.放棄するとどうなる？→最初から相続人でなかった扱いになります。財産も負債も一切引き継ぎません\nQ.一部だけ放棄できる？→できません。全部承認か全部放棄の二択です
RN-M3-02,故人の借金・保証債務・連帯債務を調査し、負債の全体像を把握する。信用情報機関への開示請求で確認可能。,相続すると負債も引き継ぎます。相続放棄の判断（3か月以内）に間に合うよう早めに調べてください。\n【信用情報の照会】CIC・JICC・全国銀行個人信用情報センター(KSC) の3機関に開示請求すれば、故人のクレジットカード・ローン・キャッシング・保証債務の履歴を確認できます (郵送・各1500円程度)。,信用情報機関（CIC・JICC・KSC）、故人の自宅,戸籍謄本、届出者の本人確認書類、死亡確認書類,1. 自宅で借用書・ローン契約書・督促状を探す\n2. 通帳の引落し記録からローンを確認する\n3. 信用情報機関3か所に開示請求する\n4. 結果をリスト化する,1. —\n2. 「○○ファイナンス」「○○カード」等の記載があれば借入の可能性があります。\n3. CIC（0570-666-414）\nJICC（0570-021-717）\nKSC（03-3214-5020）\n各約1000円、郵送も可能です。「相続人として故人の信用情報の開示請求をしたい」と伝える。\n必要物：戸籍謄本・本人確認書類・死亡確認書類。\n4. 個人間の貸借・連帯保証は信用情報に載りません。契約書で確認が必要です。,各機関による,,CIC：0570-666-414／JICC：0570-021-717／KSC：03-3214-5020,負債の全体像が把握されリスト化されている。,Q.相続人でも信用情報の開示請求はできる？→はい。戸籍謄本等があれば請求できます\nQ.連帯保証人の確認方法は？→信用情報で一部判明します。個人間の保証は記載されないため契約書で確認が必要です\nQ.開示請求の費用は？→1機関あたり約1000円です
RN-M3-03,故人の出生から死亡までの連続した戸籍謄本と、相続人全員の戸籍謄本・印鑑証明書を集める。ほぼすべての相続手続きで必要な基本書類。,出生から死亡までの連続した戸籍で法定相続人が確定します。銀行・法務局・税務署などあらゆる場面で必要です。,故人の本籍地の役場／広域交付制度で最寄り役場も可,請求者の本人確認書類、印鑑、手数料（1通450〜750円）,1. 故人の出生〜死亡までの連続した戸籍謄本を取得する\n2. 相続人全員の現在の戸籍謄本を取得する\n3. 相続人全員の印鑑証明書を2〜3通ずつ取得する,1. 本籍地は住民票の除票で確認できます。\n取得方法：本籍地の役場（直接/郵送）、または広域交付制度で最寄りの役場でも可（2024年3月〜）。\n手数料：1通450〜750円。\n2. 各相続人が自分の本籍地の役場で取得してください。\n3. 住所地の役場またはコンビニ（マイナンバーカードがあれば）で取得してください。,平日 8:30-17:15,,,故人の連続した戸籍と相続人全員の戸籍・印鑑証明書がすべて揃っている。,Q.広域交付とは？→2024年3月から本籍地以外の役場でも戸籍が取得できるようになりました\nQ.何通ずつ必要？→手続きごとに1セット提出するのが一般的です。返却後に使い回す場合は受取人に確認してください\nQ.本籍地が遠方→郵送請求ができます。広域交付制度の活用も検討してください
RN-M3-04,故人名義の住宅ローンや借入金について借入先に届け出る。団体信用生命保険（団信）に加入していれば、保険金でローンが完済される。,団信に加入していれば残債がゼロになります。届出が遅れると遅延損害金が発生するリスクがあります。,借入先の金融機関,死亡診断書コピー、届出人の本人確認書類、戸籍謄本、ローン契約書,1. 借入先の金融機関に電話して届出する\n2. 団体信用生命保険（団信）の加入有無を確認する\n3. 団信加入→保険金でローン完済の手続きをする\n4. 団信未加入→返済引継ぎ or 相続放棄を検討する,1. 「借入人が亡くなりました。届出をしたい」と伝えてください。届出が遅れると遅延損害金のリスクがあります。\n2. これが最も重要な確認事項です。住宅ローンの場合ほぼ加入しています。\n3. 金融機関の案内に従い保険金を請求してください。残債全額が返済されます。\n4. —,各金融機関による,,,住宅ローン・借入金の届出完了、団信の適用有無確認済み。,Q.団信に入っているかわからない→住宅ローン契約時にほぼ加入しています。借入先に確認してください\nQ.団信で残債がゼロになる？→はい。残債全額が保険金で返済されます\nQ.連帯債務の場合→故人の分のみ団信で完済されます。もう一方の債務は残ります
RN-M3-07,故人のプラスの財産（預貯金・不動産・株式・保険等）とマイナスの財産（ローン・借金・未払い税金等）をすべてリスト化して「財産目録」を作成する。,遺産分割協議、相続税申告、相続放棄の判断など、すべての相続手続きの土台になる最も重要な書類です。\n【含めるべきもの】(プラス財産) 預貯金・株式・投資信託・暗号資産・不動産・車・貴金属・ゴルフ会員権・生命保険金・退職金 / (マイナス財産) 住宅ローン・カードローン・保証債務・税金未納・医療費未払・葬式費用・損害賠償金。,,通帳、証券書類、登記簿、固定資産税通知書、保険証券、借用書、ローン契約書等,1. プラスの財産をリスト化する（預貯金・不動産・有価証券・保険・自動車等）\n2. マイナスの財産をリスト化する（ローン・借入金・未払い税金・医療費等）\n3. 各財産の評価額を確認する（死亡日時点）\n4. 一覧表にまとめて相続人全員に共有する,1. 預金→銀行に残高証明書を請求してください。不動産→役場で固定資産評価証明書を取得してください。株式→証券会社に残高証明書を請求してください（評価は死亡日の終値です）。\n2. —\n3. 農地の評価は固定資産税評価額と相続税評価額が異なります。税理士に相談をおすすめします。\n4. 遺産分割協議（RN-M3-11）・相続税申告・相続放棄判断のすべての土台になります。,,,,相続財産目録が完成し、相続人全員に共有されている。,Q.評価額の調べ方は？→預金は残高証明書、不動産は固定資産評価証明書、株式は死亡日の終値です\nQ.財産の所在がわからない→通帳・郵便物・確定申告書から手がかりを探してください\nQ.農地の評価は？→固定資産税評価額と相続税評価額は異なります。税理士に相談をおすすめします
RN-M3-11,相続人全員で遺産の分け方を話し合い、合意した内容を「遺産分割協議書」にまとめる。全員の署名・実印・印鑑証明書が必要。,不動産の名義変更、銀行口座の解約・払戻し、相続税申告で必要な重要書類です。,,相続財産目録（RN-M3-07）、戸籍・印鑑証明書（RN-M3-03）、各相続人の実印,1. 財産目録をもとに分け方を全員で話し合う\n2. 全員合意→遺産分割協議書を作成する\n3. 全員が署名＋実印を押印＋印鑑証明書を添付する\n4. 人数分の部数を作成する,1. 法定相続分を参考にしつつ、合意があれば自由な割合で分けられます。\n2. 記載内容：被相続人の情報・全相続人の氏名・各財産の取得者（具体的に記載）。\n3. 認印では銀行等の手続きで受付できません。必ず実印を使ってください。\n遠方の相続人は郵送リレー方式で対応できます（書留で追跡番号を共有してください）。\n4. まとまらない場合は家庭裁判所の遺産分割調停または弁護士に相談してください。,,,,協議書が完成し、全相続人の署名・実印・印鑑証明書が揃っている。,Q.相続人が遠方にいる→郵送で順番に署名・押印していくリレー方式が一般的です\nQ.まとまらない場合→家庭裁判所の遺産分割調停を利用するか、弁護士に相談してください\nQ.自分で作成できる？→可能ですが、不動産がある場合は司法書士への依頼をおすすめします
RN-M4-01,故人の1月1日から死亡日までの所得について、相続人が代わりに確定申告（「準確定申告」）を行う。,一定の所得がある場合、4か月以内に申告する義務があります。申告しないと加算税・延滞税のリスクがあります。,管轄の税務署,源泉徴収票、確定申告関連書類（医療費領収書・保険料控除証明書等）、本人確認書類、「確定申告書付表」,1. 準確定申告が必要か判断する\n2. 必要な場合→源泉徴収票・領収書等を集める\n3. 確定申告書と「付表」を作成し相続人全員が署名\n4. 管轄の税務署に提出する（郵送可）,1. 年金400万円以下＆他の所得20万円以下→原則不要です。事業/不動産所得がある場合は必要です。判断できなければ管轄の税務署に電話で確認してください。\n2. 所得計算期間は1月1日〜死亡日です。\n3. 国税庁Web「確定申告書等作成コーナー」で作成できます。\n4. 管轄の税務署に提出してください。不動産/事業所得がある場合は税理士への依頼をおすすめします。,平日 8:30-17:00,,,要否判定済み。必要な場合は申告書提出済み。,Q.年金収入だけの場合→年金400万円以下で他の所得20万円以下なら原則不要です。ただし医療費控除で還付を受けられる場合は申告がお得です\nQ.自分でできる？→単純なケースなら可能です。不動産・事業所得がある場合は税理士をおすすめします\nQ.期限を過ぎたら→期限後申告は可能ですが、加算税・延滞税がかかることがあります
RN-M10-01,相続財産の総額が基礎控除額（3000万円＋600万円×相続人の数）を超えるか確認する。超える場合は10か月以内に相続税の申告・納付が必要。,基礎控除を超える場合のみ課税されます。特例を使って税額ゼロでも、申告は必要です。\n【基礎控除額】3000万円 + 600万円 × 法定相続人数。例:配偶者+子1人なら4200万円、子2人なら4800万円。\n【期限】相続を知った日の翌日から10か月以内。期限後申告は加算税・延滞税の対象。,管轄の税務署,相続財産目録（RN-M3-07）、不動産評価書類、残高証明書等,1. 基礎控除額を計算する（3000万＋600万×相続人数）\n2. 財産総額 ≦ 基礎控除→申告不要\n3. 財産総額 ＞ 基礎控除→申告が必要\n4. 税理士への依頼を検討する,1. 例）相続人2人→4200万円、3人→4800万円。\n2. —\n3. 特例で税額ゼロでも申告は必要です。期限は死亡日から10か月以内です。\n4. 費用目安：遺産総額の0.5〜1%です。管轄の税務署に相談してください。農地には「納税猶予の特例」がある場合があります。,平日 8:30-17:00,,,要否判定済み。必要な場合は税理士に依頼済みまたは準備中。,Q.相続人2人の場合の非課税枠は？→4200万円までは非課税です\nQ.税理士の費用は？→遺産総額の0.5〜1%が目安です\nQ.農地に特別な制度はある？→農業相続人には「納税猶予の特例」があります
RN-M10-05,遺産分割協議の確定後、故人名義の銀行口座を解約して預金を受け取る。,口座凍結後の預金は遺産分割協議書等を提出しないと引き出せません。,各銀行の窓口,遺産分割協議書/遺言書、戸籍謄本一式/法定相続情報一覧図、相続人全員の印鑑証明書、本人確認書類、通帳・カード、銀行所定の相続届出書,1. 各銀行から相続届出書を取り寄せる\n2. 必要書類を揃える\n3. 銀行窓口で手続きし払戻し先口座を指定,1. 遺産分割協議（RN-M3-11）確定後に手続き可能です。\n2. 主な必要物：銀行所定の届出書（全員の署名・実印）・遺産分割協議書・戸籍一式 or 法定相続情報一覧図・印鑑証明書・本人確認書類・通帳/カード。\n3. 処理に1〜3週間。法定相続情報一覧図があれば複数行を並行して進められます。,平日 9:00-15:00（窓口）,,,全銀行口座の解約・払戻し完了、相続人口座に振込済み。,Q.遺産分割前に一部引き出せる？→「相続預金の払戻し制度」で各口座残高×1/3×法定相続分（上限150万円）まで引き出せます\nQ.通帳を紛失した→通帳なしで手続きできます\nQ.銀行ごとに個別手続き？→はい。法定相続情報一覧図があると効率的です\nQ.戸籍謄本とは？\n→故人の家族関係（配偶者・子供など）を証明する公的書類です。\nQ.「出生から死亡まで」の戸籍はなぜ必要？\n→相続人が誰なのかを正式に確認するためです。婚姻・離婚・養子縁組などで戸籍が変わるため、すべての変遷をたどる必要があります。\nQ.戸籍はどこで取れる？\n→故人の本籍地の市区町村役場で取得できます。本籍地が複数回変わっている場合は、それぞれの自治体から取り寄せが必要です。郵送請求も可能です。\nQ.戸籍の広域交付制度とは？\n→令和6年（2024年）3月から、最寄りの市区町村窓口で他の自治体の戸籍もまとめて取得できるようになりました。ただし一部対応していない自治体もあるため、事前に電話確認をおすすめします。\nQ.戸籍の取得費用は？\n→戸籍謄本は1通450円、除籍謄本・改製原戸籍は1通750円です。本籍地の変更回数が多いと、合計で数千円〜2万円程度かかることがあります。\nQ.「原戸籍」「除籍謄本」とは？\n→「改製原戸籍（かいせいはらこせき）」は法改正前の古い形式の戸籍です。「除籍謄本」は全員が転籍・死亡などで抜けた戸籍です。どちらも「出生から死亡まで」をたどる際に必要になることがあります。\nQ.戸籍の取り寄せを専門家に頼める？\n→司法書士や行政書士に依頼すれば、職権で戸籍を一括取得してもらえます。費用は数万円程度ですが、自分で複数の自治体に郵送請求する手間と時間を大幅に削減できます。
RN-M10-07,故人名義の自動車の名義変更（移転登録）または廃車（抹消登録）を行う。故人名義のままでは車検更新や売却ができない。,故人名義のままだと車検更新も売却もできません。自動車税の納付義務も残ります。,普通車：管轄の運輸支局／軽：軽自動車検査協会,車検証、故人の戸籍謄本、遺産分割協議書、相続人の印鑑証明書・車庫証明書・委任状,1. 車検証で故人名義を確認する\n2. 使い続ける場合→名義変更する、手放す場合→廃車 or 売却する\n3. 普通車→管轄の運輸支局、軽→軽自動車検査協会\n4. 自動車保険の名義変更も忘れずに行う,1. 所有者がディーラー/ローン会社の場合は先に所有権解除が必要です。\n2. 売却する場合はまず名義変更が必要です。\n3. 管轄の運輸支局（平日対応）。必要物：車検証・戸籍謄本・遺産分割協議書・印鑑証明書・車庫証明書。代行はディーラー/行政書士に依頼可（1〜3万円）。\n4. 自動車保険は契約先の保険会社に連絡してください。,平日 8:45-16:00（運輸支局）,,,名義変更/廃車手続きが完了。,Q.売却したい→まず名義変更してから売却してください\nQ.自動車税は？→名義変更すると新しい所有者に課税されます。廃車は月割で還付されます\nQ.手続きを代行してほしい→ディーラーや行政書士に依頼できます（1〜3万円程度）
RN-Y3-01,故人名義の土地・建物の名義を相続人に変更する「相続登記」を法務局に申請する。固定資産評価証明書は市区町村役場で取得できます。,2024年4月から義務化されました。「相続発生と不動産取得を知った日から3年以内」が起算日で、申請しないと10万円以下の過料の対象になります。登記しないと売却も担保設定もできません。,最寄りの法務局,登記申請書、戸籍謄本一式/法定相続情報一覧図、遺産分割協議書/遺言書、印鑑証明書、固定資産評価証明書、住民票、登録免許税（評価額の0.4%）,1. 固定資産評価証明書を役場で取得する\n2. 登記申請書を作成する（法務局Webに記載例あり）\n3. 必要書類を揃え、登録免許税（評価額×0.4%）を計算する\n4. 法務局に申請する（窓口 or 郵送）\n5. 登記識別情報通知を受け取り安全に保管する,1. 約300円です。\n2. —\n3. 必要物：\n・申請書\n・戸籍一式 or 法定相続情報一覧図\n・遺産分割協議書\n・印鑑証明書\n・新所有者の住民票\n・固定資産評価証明書\n登録免許税は収入印紙で納付します。\n4. 最寄りの法務局に申請してください。1〜2週間で完了します。郵送申請も可能です。法務局の「登記手続案内」（予約制・無料）で書き方を教えてもらえます。\n5.【重要】2024年4月から義務化。3年以内に未申請だと10万円以下の過料の対象になります。\n登記識別情報は紛失すると再発行できません。\n農地も相続登記が必要です（農業委員会届出とは別）。\n複雑な案件は司法書士に依頼してください（1件5〜10万円目安）。,平日 8:30-17:15,,,全不動産の相続登記が完了し、登記識別情報通知を受領済み。,Q.自分でできる？→単純な案件なら可能です。法務局の「登記手続案内」（予約制）で無料相談できます\nQ.司法書士の費用は？→1件5〜10万円程度です\nQ.農地も登記が必要？→はい。農業委員会への届出とは別に登記も必要です
RN-D7-30,故人が会社員だった場合、会社の健康保険(協会けんぽ・組合健保)の資格喪失届を勤務先経由で5日以内に提出する,国民健康保険(14日)より短い5日が法定期限です。被扶養者がいた場合は同時に国保切替が必要になります。,故人の勤務先(健康保険組合・協会けんぽ),故人と扶養者全員の健康保険証,1. 故人の勤務先(人事・総務)に死亡を連絡する\n2. 健康保険証を本人・扶養者全員分 集めて勤務先へ返却する\n3. 5日以内に勤務先が資格喪失届を提出する\n4. 被扶養者がいた場合は別途 国民健康保険への切替を行う(RN-D14-23),1. 「死亡したため健康保険の資格喪失手続きをお願いします」と伝えれば 通常は人事部が対応してくれます。\n2. 葬儀で時間が取れない場合 まず電話連絡だけして 保険証は後日郵送でも受け付ける勤務先が多いです。\n3. 法定期限は5日ですが 勤務先の対応スピードに依存するため 早めの連絡が安心です。\n4. 扶養に入っていた家族(配偶者・子)は 健康保険証が使えなくなるため 速やかに国保切替が必要です(無保険期間ができないように)。,平日 9-17時 (勤務先による),,,健康保険証を返却し、勤務先から資格喪失証明書を受領済み。,Q.葬儀で忙しい→電話連絡だけ先に。書類は後日でOKな勤務先が多い\nQ.扶養家族の保険は？→国保切替が必要(RN-D14-23参照)\nQ.5日を過ぎたら？→法定期限ですが 数日遅れても勤務先が処理してくれることが多い
RN-D7-31,故人が亡くなる時点で失業給付を受給していた場合、雇用保険受給資格者証をハローワークに1か月以内に返還する,返還しないまま放置すると過払いを請求される可能性があります。受給は本人死亡時点でストップします。,故人が手続きしていたハローワーク,雇用保険受給資格者証/死亡を証明する書類,1. ハローワークに電話して死亡を連絡する\n2. 受給資格者証と死亡を証明する書類(住民票除票等)を持参する\n3. 1か月以内に返還する\n4. 未支給分があれば「未支給失業給付請求書」を遺族が請求する,1. 「失業給付受給中の家族が亡くなりました」と伝えれば 必要書類を案内してもらえます。\n2. 故人の住所地のハローワークが原則です。\n3. 返還が遅れると過払い請求される可能性があります。\n4. 死亡日までに発生した未支給分は 生計同一の遺族が請求できます。請求期限は6か月以内のため早めに。,平日 8:30-17:15,各ハローワーク,各ハローワーク,雇用保険受給資格者証を返還し、未支給分を請求済み。,Q.受給していたか不明→ハローワークに電話で確認できます\nQ.未支給分はいくら？→死亡日までの未払い分。直近振込日からの日数で計算\nQ.遠方のハローワーク→電話で郵送可能か確認してください
RN-D14-40,故人が国民年金第1号被保険者で老齢年金を受け取らずに亡くなり、配偶者(妻)がいる場合、寡婦年金を年金事務所に請求できる,知られていない給付の代表格です。条件に合えば60歳〜65歳まで年6万円程度を受給できます。\n【受給要件】(1)故人が国民年金第1号として保険料10年以上納付、(2)婚姻10年以上（事実婚も含む）、(3)妻が60歳〜65歳。請求しないともらえません。,最寄りの年金事務所,年金手帳/戸籍謄本/住民票/印鑑/振込先口座情報,1. 年金事務所に電話で受給可否を確認する\n2. 「寡婦年金請求書」を取り寄せる\n3. 戸籍・住民票・口座情報を揃える\n4. 年金事務所に提出する\n5. 受給開始は60歳から(60歳以上ならすぐ),1.【受給条件】故人=国民年金第1号10年以上+老齢年金未受給で死亡 / 妻=婚姻10年以上 / 妻が60〜65歳 のすべてを満たすこと。\n2. 寡婦年金は妻のみが対象(寡夫年金はありません)。\n3. 必要書類は窓口で詳しく案内してもらえます。\n4. 死亡一時金(RN-D14-41)とは選択制。両方は受給できないため有利な方を選んでください。\n5. 請求期限は2年です。早めに確認することをおすすめします。,平日 8:30-17:15,各年金事務所,ねんきんダイヤル 0570-05-1165,寡婦年金の受給可否を年金事務所で確認した。受給可能な場合は請求書を提出済み。,Q.条件に合うか不明→年金事務所に電話で照会できます\nQ.金額は？→老齢基礎年金の3/4(年45-60万程度)\nQ.死亡一時金とどっち？→受給期間で計算 通常は寡婦年金が有利
RN-D14-41,故人が国民年金第1号被保険者で年金を受け取らずに亡くなり、配偶者・子・父母などの遺族がいる場合、死亡一時金を年金事務所に請求できる,知られていない給付の代表格です。請求しないと貰えません。納付月数により12-32万円が支給されます。\n【受給要件】故人が国民年金第1号として保険料を36か月以上納付し、年金を受け取らずに亡くなった場合（会社員経験があっても第1号期間が36か月以上あれば対象）。,最寄りの年金事務所,年金手帳/戸籍謄本/住民票(世帯全員)/印鑑/振込先口座情報,1. 年金事務所に電話で受給可否を確認する\n2. 「死亡一時金請求書」を取り寄せる\n3. 必要書類を揃える\n4. 年金事務所に提出する\n5. 通常1-2か月で振り込まれる,1.【受給条件】故人が国民年金保険料を36月以上納付かつ老齢年金・障害基礎年金を受給せず死亡。受給優先順位:配偶者→子→父母→孫→祖父母→兄弟姉妹。\n2. 必要書類は窓口で案内されます。\n3. 寡婦年金(RN-D14-40)とは選択制。両方は受給できないため有利な方を選んでください。\n4. 請求期限は2年です。早めに確認することをおすすめします。\n5. —,平日 8:30-17:15,各年金事務所,ねんきんダイヤル 0570-05-1165,死亡一時金の受給可否を年金事務所で確認した。受給可能な場合は請求書を提出済み。,Q.いくら？→納付月数により12〜32万円(36月以上で12万 420月以上で32万)\nQ.寡婦年金とどっち？→年金事務所で試算してもらい有利な方を選ぶ\nQ.付加保険料納付者→上乗せ8500円
RN-D14-42,故人が在職中に亡くなった場合、勤務先から死亡退職金や弔慰金を受け取る。勤務先の規程による,在職中死亡の場合、退職金規程に応じた支給があります。弔慰金は業務上死亡で給与36か月分まで・業務外で6か月分までが非課税。請求しないと貰えません。,故人の勤務先,死亡を証明する書類/受取人の身分証明書/相続人代表の指定書類,1. 勤務先の人事部に死亡退職金・弔慰金の規程を確認する\n2. 受取人(通常は配偶者・子等の遺族)を確認する\n3. 必要書類を提出する\n4. 振込で受給する\n5. 相続税の対象だが非課税枠あり,1. 勤務先により金額・受給資格が異なります。退職金規程・労使協定を確認してください。\n2. 受取人指定がある場合はその人 ない場合は相続人。\n3. 死亡証明書・戸籍・印鑑証明等が必要です。\n4. 通常1-3か月で振り込まれます。\n5. 死亡退職金:法定相続人数×500万円までが非課税 / 弔慰金:業務上36か月・業務外6か月分まで非課税。,平日 9-17時 (勤務先による),,,勤務先に死亡退職金・弔慰金の規程を確認し、必要書類を提出済み。,Q.退職金規程がわからない→人事部に「亡くなった社員の死亡退職金について」と問い合わせる\nQ.税金は？→相続税の対象だが非課税枠あり\nQ.受取人は誰？→規程による。配偶者→子→親の優先順位が一般的
RN-D14-43,故人が在職中に亡くなった場合、未払いの給与・賞与を勤務先から受け取る,死亡日までに発生した未払い分は遺族が請求できます。退職金とは別。請求しないと支払われません。,故人の勤務先,死亡を証明する書類/受取人の身分証明書/相続人代表の指定書類,1. 勤務先の人事・経理に未支給の給与・賞与の有無を確認する\n2. 死亡日までの労働日数分の給与を計算してもらう\n3. 必要書類を提出する\n4. 振込で受給する,1. 「亡くなった日までの給与・未払い賞与の支払いについて」と伝える。\n2. 月の途中で亡くなった場合は日割り計算が一般的。\n3. 受取人指定がある場合はその人 ない場合は相続人代表。\n4. 通常1-2か月で振り込まれます。死亡退職金とは別の支給です。,平日 9-17時 (勤務先による),,,勤務先に未支給給与・賞与を請求し、振込が確認できた。,Q.いつまでさかのぼれる？→死亡日までの未払い分すべて\nQ.賞与は？→評価期間中なら按分支給される場合あり\nQ.税金は？→相続税の対象 所得税の準確定申告対象でもあり
RN-D14-45,故人の死因が業務中または通勤途中の事故・病気だった場合、労災保険から遺族補償給付（年金または一時金）と葬祭料を労働基準監督署に請求する。,労災死亡時の最も重要な給付です。年金型なら遺族の生活を長期に支えます。時効5年。請求しないと貰えません。,故人の勤務先所在地を管轄する労働基準監督署,死亡診断書/事故証明書/雇用契約書/賃金台帳/戸籍/受取人の本人確認書類,1. 勤務先に労災申請の協力を依頼する\n2. 労働基準監督署に電話して必要書類を確認する\n3. 「遺族補償年金支給請求書」(または一時金)を作成する\n4. 勤務先と医師の証明を取る\n5. 労基署に提出する\n6. 認定後に支給開始,1. 勤務先が労災を認めない場合でも 遺族から直接申請可能です。\n2. 業務上か通勤上かで様式が異なります(様式12号 vs 16号)。\n3. 受給対象の遺族:配偶者→子→父母→孫→祖父母→兄弟姉妹。年金か一時金かは遺族構成によります。\n4. 医師証明には「業務との因果関係」の記載があると有利になります。\n5. 認定までに数か月かかることもあります。\n6. 遺族補償給付と同時に葬祭料（給付基礎日額の30日分＋給付基礎日額×60日分のいずれか高い額）も請求できます。複雑な案件は社労士に相談しましょう。,平日 8:30-17:15,故人の勤務先所在地の労働基準監督署,各労基署,労災 遺族補償給付を請求し、認定された(または申請中)。,Q.労災と認められないかも→遺族から直接申請可能。社労士相談推奨\nQ.年金と一時金どっち？→遺族構成による。子のある配偶者は年金が一般的\nQ.金額は？→給与・遺族数による。年金型で給与の153日〜245日分/年
RN-D14-11b,故人が加入していた医療保険・がん保険の入院給付金や手術給付金の未請求分を遺族が請求する,死亡前に発生した入院・手術の未請求給付金を遺族が請求できます。請求期限は3年。請求しないと貰えません。\n【加入先不明な場合】生命保険協会の「契約照会制度」(1件3000円)で、故人の医療保険契約の有無を一括照会できます。,加入していた医療保険・がん保険の各保険会社,保険証券、診断書(医師作成)、入院証明書、受取人の本人確認書類・戸籍謄本・振込先口座,1. 加入先を確認する(保険証券・通帳の引落し記録)\n2. 各社に電話して「故人の医療保険の未請求給付金を請求したい」と伝える\n3. 診断書・入院証明書を医師に依頼する\n4. 必要書類を返送する,1. わからない場合は生命保険協会の「契約照会制度」で調べられます。\n2. —\n3. 診断書は1通5000-10000円程度。後日請求もできます。\n4. 5営業日〜1か月で振込されます。死亡保険金とは別の請求です。,各社による(平日 9-17時),,,医療保険・がん保険の未請求給付金を請求済み。,Q.いくら請求できる？→入院日数×日額(契約による)\nQ.診断書がない→医師に「故人の入院証明」を依頼可能\nQ.生命保険と何が違う？→医療保険は入院・手術給付 / 生命保険は死亡保険金
RN-D14-11c,故人が加入していたJA共済・県民共済等の死亡共済金を請求する,共済金は生命保険とは別の制度。請求期限は3年。請求しないと貰えません。,加入していたJA・県民共済等の窓口,共済証書、死亡診断書コピー、受取人の本人確認書類・戸籍謄本・振込先口座・印鑑,1. 加入先を確認する(共済証書・通帳の引落し記録)\n2. 各窓口に電話して「死亡共済金を請求したい」と伝える\n3. 請求書類を取り寄せる\n4. 書類を揃えて返送する,1. JA共済はお近くのJA窓口で対応できます。県民共済は本部窓口または郵送で対応してください。\n2. —\n3. 必要書類は窓口で詳しく案内されます。\n4. 5営業日〜1か月で振込されます。生命保険金とは別物です。,各窓口による(JAは平日 9-15時),,,共済金の請求書類を提出済み。,Q.JAと農協は同じ？→はい。地域のJAに窓口があります\nQ.県民共済の窓口がない→電話または郵送で対応可\nQ.生命保険と両方請求できる？→はい。それぞれ別契約のため両方請求可能
RN-D14-25b,故人名義の不動産がある場合、固定資産税の納税義務を相続人が引き継ぐ。「相続人代表者指定届」を市町村に提出し、納税通知書の宛先を一本化する,固定資産税は不動産保有者に毎年課税されます。納税通知書は4-6月頃に届くため、それまでに代表者届を出して通知先を確定させます。,不動産所在地の市区町村役場(税務課),届出人の本人確認書類、印鑑、故人の納税通知書(届いている場合),1. 不動産所在地の役場に電話して「故人の固定資産税の届出について聞きたい」と伝える\n2. 相続人代表者指定届を提出する\n3. 納税通知書(4-6月頃届く)の内容を確認し納付する\n4. 固定資産評価証明書を取得しておく(相続登記 RN-Y3-01 で使う),1. 固定資産税は不動産がある市町村ごとに課税されます。複数地域に不動産がある場合はそれぞれの役場に届出が必要です。\n2. 届出書は窓口でもらえます。相続人のうち誰が代表して通知を受け取るかを届け出ます。\n3. 遺産分割が決まるまでは相続人全員に連帯納付義務があります。\n4. 固定資産評価証明書は1通約300円です。相続登記で必須となる書類です。,平日 8:30-17:15,不動産所在地の市区町村役場,不動産所在地の市区町村役場,相続人代表者届を提出し、固定資産税の納付方法を確認済み。,Q.不動産が複数地域にある→それぞれの役場に届出が必要\nQ.誰が払う？→遺産分割まで相続人全員に連帯納付義務\nQ.評価証明書はなぜ取得？→相続登記(RN-Y3-01)で必要
RN-D14-52,故人が銀行で借りていた貸金庫を、相続人立ち会いのもと開扉して中身を確認し、解約する。,貸金庫には遺言書・権利証・貴重品が入っていることが多く、相続手続き全体に影響します。相続人全員立ち会いが原則のため、早めに着手してください。,故人が貸金庫を契約していた銀行,死亡診断書コピー、相続関係を証明する戸籍一式、相続人全員の印鑑証明書・実印・本人確認書類,1. 貸金庫の契約有無を銀行に確認する\n2. 銀行に死亡を届け出る（口座凍結 RN-D14-09 と同時に行う）\n3. 開扉に必要な書類を揃える\n4. 相続人全員で銀行に出向き、開扉して中身を確認する,1. 通帳の引落し履歴に「貸金庫使用料」（年1〜2回）があるか確認してください。鍵が自宅に保管されている場合もあります。\n2. 銀行は死亡を知ると貸金庫も同時に凍結します。口座届出と一緒に伝えるとスムーズです。\n3. 開扉には原則として相続人全員の戸籍・印鑑証明・実印が必要です。\n・代理人で済ませたい場合：公正証書による委任状が必要となる銀行もあります\n・公正証書遺言で開扉者が指定されている場合：その方単独で開扉可能なケースもあります\n4. 開扉時は銀行員立ち会いのもと中身リストを作成してください。遺言書が出てきても絶対に開封せず、家庭裁判所の検認（RN-M3-22）を受けてください。,平日 9:00-15:00（窓口）,,,貸金庫の中身を確認し、解約手続きが完了している。,Q.相続人全員の同意は必須？→原則必須です。一部銀行は公正証書遺言があれば例外あり\nQ.中に遺言書があったら？→絶対に開封せず、家庭裁判所の検認を受けてください\nQ.鍵がなくなった→銀行が開扉してくれますが、開扉手数料が発生します
RN-D14-54,故人が日本学生支援機構（JASSO）等から借りていた奨学金について、死亡による返還免除を申請する。,死亡時の未返還額は申請により全額免除されます。届出が遅れると延滞金が発生する場合があるため、早めに連絡してください。,日本学生支援機構（JASSO）または各奨学金団体,死亡診断書コピー、戸籍謄本（死亡記載のあるもの）、奨学金返還誓約書、連帯保証人の本人確認書類,1. 奨学金の借入先を確認する\n2. 各機関に電話して死亡を連絡する\n3. 「奨学金返還免除願」を取り寄せる\n4. 必要書類を揃えて提出する,1. 借入先は次の書類から確認できます。\n・JASSOからの返還案内\n・通帳の引落し履歴\n・在学校独自の奨学金や、地方自治体の奨学金もある場合があります\n2. JASSOの場合、奨学金相談センター 0570-666-301 に「契約者が亡くなりました」と連絡してください。\n3. 「奨学金返還免除願」用紙を取り寄せます。郵送・電話どちらでも対応可能です。\n4. 死亡診断書のコピー、戸籍謄本（死亡記載）を添付して提出してください。承認まで2〜3か月かかります。,JASSO相談センター 平日 9:00-20:00／土 9:00-17:00,,JASSO 0570-666-301,奨学金の死亡免除願を提出済みである。,Q.連帯保証人（親等）に請求が来る？→死亡免除が承認されれば請求は停止されます\nQ.延滞があった→延滞金も含めて全額免除可能です\nQ.私立校独自の奨学金は？→各校に直接お問い合わせください
RN-D14-60,故人が公営住宅（都営・県営・市営等）に住んでいた場合、住宅供給公社に死亡を届け出て、名義承継または明け渡しの手続きをする。,公営住宅は名義人が亡くなった際に届出が義務付けられています。同居家族が住み続ける場合は名義承継申請が必要で、放置すると不法占拠扱いになる場合があります。,管轄の住宅供給公社・市区町村役場の住宅課,故人の住民票除票、同居家族の住民票・所得証明、賃貸契約書,1. 管轄の住宅供給公社・住宅課に死亡を届け出る\n2. 同居家族が住み続けるか退去するかを決める\n3. 名義承継申請または明け渡し届を提出する\n4. （退去の場合）原状回復・鍵返却を行う,1. 窓口は次のとおりです。\n・都営住宅：東京都住宅供給公社\n・県営住宅：各都道府県の住宅供給公社\n・市営・町営住宅：市町村役場の住宅課\n死亡から14日以内の届出を求められる自治体が多数あります。\n2. 配偶者や同居親族がいる場合は名義承継が可能です。所得超過の場合は承継できないこともあります。\n3. 承継には所得要件があるため、事前に基準を確認してください。明け渡しの場合は退去日を相談しましょう。\n4. 通常の退去と同様、原状回復が必要です。葬儀後すぐの片付けは難しいため、明け渡し期限の延長を相談することもできます。,平日 8:30-17:15,管轄の住宅供給公社・住宅課,管轄の住宅供給公社・住宅課,公営住宅の名義承継または明け渡しの手続きが完了している。,Q.同居していなくても継続できる？→原則不可です。同居実績が必要となります\nQ.収入が高いと承継できない？→所得超過の場合は明け渡しを求められます\nQ.明け渡し期限は？→自治体により異なりますが、3〜6か月程度が一般的です
RN-M3-22,自筆証書遺言（または秘密証書遺言）を発見した場合、絶対に開封せずに家庭裁判所に検認を申し立てる。,検認は遺言の偽造・変造を防ぐための家裁の手続きです。開封してしまうと過料5万円が科される可能性があります。\n【検認不要】公正証書遺言／法務局の自筆証書遺言書保管制度を利用したものは検認不要です。,故人の最後の住所地を管轄する家庭裁判所,検認申立書、遺言書（封のまま）、故人の出生〜死亡までの戸籍一式、相続人全員の戸籍,1. 遺言書の種類を確認する（自筆／公正証書／秘密証書）\n2. 自筆・秘密証書の場合は絶対に開封しない\n3. 家庭裁判所に検認申立書を提出する\n4. 検認期日に出頭する（相続人立ち会い）\n5. 検認済証明書を取得する,1. 遺言書の種類で必要な手続きが変わります。\n・公正証書遺言（公証人作成）：検認不要\n・自筆証書遺言・秘密証書遺言：検認が必須\n2. 開封すると過料5万円が科される可能性があります（民法1005条）。封がない遺言書でも家裁の検認が必要です。\n3. 申立費用は遺言書1通につき収入印紙800円＋切手代です。戸籍収集が大変なので、早めに着手してください。\n4. 申立から1〜2か月後に検認期日が指定されます。相続人全員に通知が届き、出頭は任意ですが立ち会いをおすすめします。\n5. 検認済証明書がないと、その遺言書を使って不動産名義変更や預金引き出しができません。期日後に申請して取得してください。,家庭裁判所 平日 9:00-17:00,故人の最後の住所地の家庭裁判所,故人の最後の住所地の家庭裁判所,検認の申立てを家庭裁判所に行い、検認済証明書を取得済みである。,Q.公正証書遺言も検認が必要？→不要です（公証役場で確認できます）\nQ.開封してしまった→検認は受けられますが、過料の可能性があります\nQ.費用は？→収入印紙800円＋戸籍収集費用（数千円）です\nQ.弁護士は必要？→自分でも可能ですが、戸籍収集が大変なため依頼する人もいます


RN-D14-70,故人名義のNHK受信契約を、ふれあいセンターに連絡して解約または家族名義に変更する。,放置すると受信料が引き落とされ続けます。同居家族が継続視聴する場合は名義変更が可能です。一人暮らしの故人やテレビを処分する場合は解約してください。,NHKふれあいセンター,故人の氏名・住所、契約番号（検針票・領収書記載）、死亡を証明する書類のコピー、新名義人の本人確認書類（名義変更の場合）,1. NHKふれあいセンター(0570-077-077)に電話する\n2. 「放送受信契約解除届」を取り寄せる\n3. 必要事項を記入し死亡を証明する書類を添付して郵送する\n4. （継続視聴の場合）名義変更手続きをする,1. NHKふれあいセンター 0570-077-077（平日 9:00-20:00／土日祝 9:00-18:00）に「契約者が亡くなったので解約したい」と連絡してください。\n2. 「放送受信契約解除届」を郵送で取り寄せます。NHKのWebサイトからもダウンロードできます。\n・解約事由には「契約者死亡」を選択\n・テレビ等の受信機を処分する場合は処分日が解約日になります\n3. 必要事項を記入し、死亡診断書のコピーまたは戸籍謄本（死亡記載）を添付して返送します。\n4. 同居家族が引き続き視聴する場合は、解約せず名義変更が可能です。「契約者変更届」を取り寄せて手続きしてください。,平日 9:00-20:00／土日祝 9:00-18:00,,NHKふれあいセンター 0570-077-077,NHK受信契約の解約または名義変更手続きが完了している。,Q.解約しないとどうなる？→受信料が引き落とされ続けます\nQ.同居家族が継続したい→名義変更で対応可能です\nQ.テレビを処分する場合→処分日が解約日になります\nQ.衛星契約も同時に？→地上契約と一緒に解約・変更できます
RN-D14-71,故人の配偶者で国民年金第3号被保険者だった人が、第1号被保険者へ種別変更届を年金事務所または市区町村役場に提出する。14日以内が法定期限。,故人（夫または妻）が会社員・公務員で配偶者がその扶養に入って第3号被保険者だった場合、故人死亡で第3号資格を失います。14日以内に第1号への種別変更届を出さないと未納期間が発生し、将来の年金が減額されます。,年金事務所または市区町村役場の国民年金窓口,配偶者の年金手帳・基礎年金番号通知書、故人の年金手帳、戸籍謄本または死亡診断書のコピー、配偶者の本人確認書類、印鑑,1. 配偶者が第3号被保険者かを確認する\n2. 年金事務所または市区町村役場へ連絡する\n3. 「国民年金被保険者関係届書（種別変更）」を取り寄せ・記入する\n4. 必要書類を添付して提出する\n5. 変更後の保険料納付・免除制度を確認する,1. 配偶者の年金手帳または「ねんきん定期便」で「第3号被保険者期間」を確認してください。\n・故人が会社員・公務員で配偶者を扶養していた → 配偶者は第3号被保険者（変更必要）\n・配偶者自身が会社員・公務員 → 第2号被保険者（変更不要）\n・配偶者が自営業や扶養外 → 第1号被保険者（変更不要）\n2. 最寄りの年金事務所か市区町村役場の国民年金窓口に「故人（配偶者）が亡くなり、第3号から第1号への変更をしたい」と伝えてください。\n3. 届出書は窓口でもらえます。郵送対応も可能です。\n4. 死亡診断書のコピーまたは戸籍謄本（死亡記載）を添付して提出。\n【重要】14日以内が法定期限です。遅れると未納扱いとなり、将来の年金が減額されます。\n5. 種別変更後は国民年金保険料（2026年度 月額約1.7万円）の納付義務が発生します。所得が少ない場合は免除制度・納付猶予制度を窓口で相談してください。,平日 8:30-17:15,年金事務所または市区町村役場,ねんきんダイヤル 0570-05-1165,配偶者の第3号→第1号変更届を年金事務所または役場に提出済みである。,Q.手続きしないとどうなる？→未納扱いとなり将来の年金が減額されます\nQ.誰が対象？→故人（夫・妻）が会社員・公務員でその扶養に入っていた配偶者\nQ.保険料が払えない→免除制度や納付猶予制度を利用可能\nQ.遺族厚生年金との関係→遺族厚生年金は別途請求（RN-D14-08）。種別変更は将来の自分の年金確保のための手続き
RN-D14-72,故人名義で契約していた新聞・宅配サービス（夕刊・地方紙含む）を、各新聞販売店に連絡して解約する。,放置すると新聞配達と料金請求が続きます。月単位で精算されることが多いため、早めに連絡してください。,契約している新聞販売店,契約者氏名・住所、新聞代の領収書または引き落とし記録,1. 契約している新聞販売店を確認する\n2. 各販売店に電話して死亡を伝える\n3. 解約日を伝え、配達停止を依頼する\n4. 月末までの料金を精算する,1. 引き落とし記録（通帳・クレカ明細）や郵便受けに残る集金袋から販売店を特定してください。\n・全国紙（朝日・毎日・読売・日経・産経等）\n・地方紙（地域の新聞）\n・スポーツ紙\n・電子版契約は別途WebサイトまたはApple/Google経由で解約\n2. 販売店に電話して「契約者が亡くなったので解約したい」と伝えます。死亡証明書類は通常不要（口頭確認のみ）です。\n3. 当日解約か月末解約かを選べることが多いです。日割り計算する販売店もあれば月単位の場合もあるため確認してください。\n4. 銀行引き落としの場合、口座凍結（RN-D14-09）前に最終月分が引き落とされるよう調整してください。クレジットカード支払いの場合はカード解約時に自動停止されます。,各新聞販売店による（朝5時頃〜夜まで）,,,故人名義の新聞購読がすべて解約済みである。,Q.電子版だけ契約してた場合→Webサイト／Apple ID／Google Pay経由で解約\nQ.販売店がわからない→新聞本社のサポートセンターで案内可能\nQ.集金袋に名前があるが解約済み→直近の領収書を確認してください\nQ.古紙回収依頼は？→販売店に依頼可能な場合あり
